_link,note,int_st,int_t_ele,int_f_elet,int_dt_ele,int_l_terr,int_area,int_desc_reg,int_cod_reg,int_desc_circ,int_cod_circ,int_desc_prov,int_cod_prov,int_desc_com,int_cod_com
0,,ESERCIZIO,Regionali Speciali,PREFERENZE,20241027000000,COMUNE,I,LIGURIA,7,GENOVA,34,GENOVA,34,ARENZANO,10
1,,ESERCIZIO,Regionali Speciali,PREFERENZE,20241027000000,COMUNE,I,LIGURIA,7,GENOVA,34,GENOVA,34,AVEGNO,20
2,,ESERCIZIO,Regionali Speciali,PREFERENZE,20241027000000,COMUNE,I,LIGURIA,7,GENOVA,34,GENOVA,34,BARGAGLI,30
3,,ESERCIZIO,Regionali Speciali,PREFERENZE,20241027000000,COMUNE,I,LIGURIA,7,GENOVA,34,GENOVA,34,BOGLIASCO,40
4,,ESERCIZIO,Regionali Speciali,PREFERENZE,20241027000000,COMUNE,I,LIGURIA,7,GENOVA,34,GENOVA,34,BORZONASCA,50
5,,ESERCIZIO,Regionali Speciali,PREFERENZE,20241027000000,COMUNE,I,LIGURIA,7,GENOVA,34,GENOVA,34,BUSALLA,60
6,,ESERCIZIO,Regionali Speciali,PREFERENZE,20241027000000,COMUNE,I,LIGURIA,7,GENOVA,34,GENOVA,34,CAMOGLI,70
7,,ESERCIZIO,Regionali Speciali,PREFERENZE,20241027000000,COMUNE,I,LIGURIA,7,GENOVA,34,GENOVA,34,CAMPO LIGURE,80
8,,ESERCIZIO,Regionali Speciali,PREFERENZE,20241027000000,COMUNE,I,LIGURIA,7,GENOVA,34,GENOVA,34,CAMPOMORONE,90
9,,ESERCIZIO,Regionali Speciali,PREFERENZE,20241027000000,COMUNE,I,LIGURIA,7,GENOVA,34,GENOVA,34,CARASCO,100
10,,ESERCIZIO,Regionali Speciali,PREFERENZE,20241027000000,COMUNE,I,LIGURIA,7,GENOVA,34,GENOVA,34,CASARZA LIGURE,110
11,,ESERCIZIO,Regionali Speciali,PREFERENZE,20241027000000,COMUNE,I,LIGURIA,7,GENOVA,34,GENOVA,34,CASELLA,120
12,,ESERCIZIO,Regionali Speciali,PREFERENZE,20241027000000,COMUNE,I,LIGURIA,7,GENOVA,34,GENOVA,34,CASTIGLIONE CHIAVARESE,130
13,,ESERCIZIO,Regionali Speciali,PREFERENZE,20241027000000,COMUNE,I,LIGURIA,7,GENOVA,34,GENOVA,34,CERANESI,140
14,,ESERCIZIO,Regionali Speciali,PREFERENZE,20241027000000,COMUNE,I,LIGURIA,7,GENOVA,34,GENOVA,34,CHIAVARI,150
15,,ESERCIZIO,Regionali Speciali,PREFERENZE,20241027000000,COMUNE,I,LIGURIA,7,GENOVA,34,GENOVA,34,CICAGNA,160
16,,ESERCIZIO,Regionali Speciali,PREFERENZE,20241027000000,COMUNE,I,LIGURIA,7,GENOVA,34,GENOVA,34,COGOLETO,170
17,,ESERCIZIO,Regionali Speciali,PREFERENZE,20241027000000,COMUNE,I,LIGURIA,7,GENOVA,34,GENOVA,34,COGORNO,180
18,,ESERCIZIO,Regionali Speciali,PREFERENZE,20241027000000,COMUNE,I,LIGURIA,7,GENOVA,34,GENOVA,34,COREGLIA LIGURE,190
19,,ESERCIZIO,Regionali Speciali,PREFERENZE,20241027000000,COMUNE,I,LIGURIA,7,GENOVA,34,GENOVA,34,CROCEFIESCHI,200
20,,ESERCIZIO,Regionali Speciali,PREFERENZE,20241027000000,COMUNE,I,LIGURIA,7,GENOVA,34,GENOVA,34,DAVAGNA,210
21,,ESERCIZIO,Regionali Speciali,PREFERENZE,20241027000000,COMUNE,I,LIGURIA,7,GENOVA,34,GENOVA,34,FASCIA,220
22,,ESERCIZIO,Regionali Speciali,PREFERENZE,20241027000000,COMUNE,I,LIGURIA,7,GENOVA,34,GENOVA,34,FAVALE DI MALVARO,230
23,,ESERCIZIO,Regionali Speciali,PREFERENZE,20241027000000,COMUNE,I,LIGURIA,7,GENOVA,34,GENOVA,34,FONTANIGORDA,240
24,,ESERCIZIO,Regionali Speciali,PREFERENZE,20241027000000,COMUNE,I,LIGURIA,7,GENOVA,34,GENOVA,34,GENOVA,250
25,,ESERCIZIO,Regionali Speciali,PREFERENZE,20241027000000,COMUNE,I,LIGURIA,7,GENOVA,34,GENOVA,34,GORRETO,260
26,,ESERCIZIO,Regionali Speciali,PREFERENZE,20241027000000,COMUNE,I,LIGURIA,7,GENOVA,34,GENOVA,34,ISOLA DEL CANTONE,270
27,,ESERCIZIO,Regionali Speciali,PREFERENZE,20241027000000,COMUNE,I,LIGURIA,7,GENOVA,34,GENOVA,34,LAVAGNA,280
28,,ESERCIZIO,Regionali Speciali,PREFERENZE,20241027000000,COMUNE,I,LIGURIA,7,GENOVA,34,GENOVA,34,LEIVI,290
29,,ESERCIZIO,Regionali Speciali,PREFERENZE,20241027000000,COMUNE,I,LIGURIA,7,GENOVA,34,GENOVA,34,LORSICA,300
30,,ESERCIZIO,Regionali Speciali,PREFERENZE,20241027000000,COMUNE,I,LIGURIA,7,GENOVA,34,GENOVA,34,LUMARZO,310
31,,ESERCIZIO,Regionali Speciali,PREFERENZE,20241027000000,COMUNE,I,LIGURIA,7,GENOVA,34,GENOVA,34,MASONE,320
32,,ESERCIZIO,Regionali Speciali,PREFERENZE,20241027000000,COMUNE,I,LIGURIA,7,GENOVA,34,GENOVA,34,MELE,330
33,,ESERCIZIO,Regionali Speciali,PREFERENZE,20241027000000,COMUNE,I,LIGURIA,7,GENOVA,34,GENOVA,34,MEZZANEGO,340
34,,ESERCIZIO,Regionali Speciali,PREFERENZE,20241027000000,COMUNE,I,LIGURIA,7,GENOVA,34,GENOVA,34,MIGNANEGO,350
35,,ESERCIZIO,Regionali Speciali,PREFERENZE,20241027000000,COMUNE,I,LIGURIA,7,GENOVA,34,GENOVA,34,MOCONESI,360
36,,ESERCIZIO,Regionali Speciali,PREFERENZE,20241027000000,COMUNE,I,LIGURIA,7,GENOVA,34,GENOVA,34,MONEGLIA,370
37,,ESERCIZIO,Regionali Speciali,PREFERENZE,20241027000000,COMUNE,I,LIGURIA,7,GENOVA,34,GENOVA,34,MONTEBRUNO,380
38,,ESERCIZIO,Regionali Speciali,PREFERENZE,20241027000000,COMUNE,I,LIGURIA,7,GENOVA,34,GENOVA,34,MONTOGGIO,390
39,,ESERCIZIO,Regionali Speciali,PREFERENZE,20241027000000,COMUNE,I,LIGURIA,7,GENOVA,34,GENOVA,34,NE,400
40,,ESERCIZIO,Regionali Speciali,PREFERENZE,20241027000000,COMUNE,I,LIGURIA,7,GENOVA,34,GENOVA,34,NEIRONE,410
41,,ESERCIZIO,Regionali Speciali,PREFERENZE,20241027000000,COMUNE,I,LIGURIA,7,GENOVA,34,GENOVA,34,ORERO,420
42,,ESERCIZIO,Regionali Speciali,PREFERENZE,20241027000000,COMUNE,I,LIGURIA,7,GENOVA,34,GENOVA,34,PIEVE LIGURE,430
43,,ESERCIZIO,Regionali Speciali,PREFERENZE,20241027000000,COMUNE,I,LIGURIA,7,GENOVA,34,GENOVA,34,PORTOFINO,440
44,,ESERCIZIO,Regionali Speciali,PREFERENZE,20241027000000,COMUNE,I,LIGURIA,7,GENOVA,34,GENOVA,34,PROPATA,450
45,,ESERCIZIO,Regionali Speciali,PREFERENZE,20241027000000,COMUNE,I,LIGURIA,7,GENOVA,34,GENOVA,34,RAPALLO,460
46,,ESERCIZIO,Regionali Speciali,PREFERENZE,20241027000000,COMUNE,I,LIGURIA,7,GENOVA,34,GENOVA,34,RECCO,470
47,,ESERCIZIO,Regionali Speciali,PREFERENZE,20241027000000,COMUNE,I,LIGURIA,7,GENOVA,34,GENOVA,34,REZZOAGLIO,480
48,,ESERCIZIO,Regionali Speciali,PREFERENZE,20241027000000,COMUNE,I,LIGURIA,7,GENOVA,34,GENOVA,34,RONCO SCRIVIA,490
49,,ESERCIZIO,Regionali Speciali,PREFERENZE,20241027000000,COMUNE,I,LIGURIA,7,GENOVA,34,GENOVA,34,RONDANINA,500
50,,ESERCIZIO,Regionali Speciali,PREFERENZE,20241027000000,COMUNE,I,LIGURIA,7,GENOVA,34,GENOVA,34,ROSSIGLIONE,510
51,,ESERCIZIO,Regionali Speciali,PREFERENZE,20241027000000,COMUNE,I,LIGURIA,7,GENOVA,34,GENOVA,34,ROVEGNO,520
52,,ESERCIZIO,Regionali Speciali,PREFERENZE,20241027000000,COMUNE,I,LIGURIA,7,GENOVA,34,GENOVA,34,SAN COLOMBANO CERTENOLI,530
53,,ESERCIZIO,Regionali Speciali,PREFERENZE,20241027000000,COMUNE,I,LIGURIA,7,GENOVA,34,GENOVA,34,SANTA MARGHERITA LIGURE,540
54,,ESERCIZIO,Regionali Speciali,PREFERENZE,20241027000000,COMUNE,I,LIGURIA,7,GENOVA,34,GENOVA,34,SANT'OLCESE,550
55,,ESERCIZIO,Regionali Speciali,PREFERENZE,20241027000000,COMUNE,I,LIGURIA,7,GENOVA,34,GENOVA,34,SANTO STEFANO D'AVETO,560
56,,ESERCIZIO,Regionali Speciali,PREFERENZE,20241027000000,COMUNE,I,LIGURIA,7,GENOVA,34,GENOVA,34,SAVIGNONE,570
57,,ESERCIZIO,Regionali Speciali,PREFERENZE,20241027000000,COMUNE,I,LIGURIA,7,GENOVA,34,GENOVA,34,SERRA RICCO',580
58,,ESERCIZIO,Regionali Speciali,PREFERENZE,20241027000000,COMUNE,I,LIGURIA,7,GENOVA,34,GENOVA,34,SESTRI LEVANTE,590
59,,ESERCIZIO,Regionali Speciali,PREFERENZE,20241027000000,COMUNE,I,LIGURIA,7,GENOVA,34,GENOVA,34,SORI,600
60,,ESERCIZIO,Regionali Speciali,PREFERENZE,20241027000000,COMUNE,I,LIGURIA,7,GENOVA,34,GENOVA,34,TIGLIETO,610
61,,ESERCIZIO,Regionali Speciali,PREFERENZE,20241027000000,COMUNE,I,LIGURIA,7,GENOVA,34,GENOVA,34,TORRIGLIA,620
62,,ESERCIZIO,Regionali Speciali,PREFERENZE,20241027000000,COMUNE,I,LIGURIA,7,GENOVA,34,GENOVA,34,TRIBOGNA,630
63,,ESERCIZIO,Regionali Speciali,PREFERENZE,20241027000000,COMUNE,I,LIGURIA,7,GENOVA,34,GENOVA,34,USCIO,640
64,,ESERCIZIO,Regionali Speciali,PREFERENZE,20241027000000,COMUNE,I,LIGURIA,7,GENOVA,34,GENOVA,34,VALBREVENNA,650
65,,ESERCIZIO,Regionali Speciali,PREFERENZE,20241027000000,COMUNE,I,LIGURIA,7,GENOVA,34,GENOVA,34,VOBBIA,660
66,,ESERCIZIO,Regionali Speciali,PREFERENZE,20241027000000,COMUNE,I,LIGURIA,7,GENOVA,34,GENOVA,34,ZOAGLI,670
67,,ESERCIZIO,Regionali Speciali,PREFERENZE,20241027000000,COMUNE,I,LIGURIA,7,IMPERIA,37,IMPERIA,37,AIROLE,10
68,,ESERCIZIO,Regionali Speciali,PREFERENZE,20241027000000,COMUNE,I,LIGURIA,7,IMPERIA,37,IMPERIA,37,APRICALE,20
69,,ESERCIZIO,Regionali Speciali,PREFERENZE,20241027000000,COMUNE,I,LIGURIA,7,IMPERIA,37,IMPERIA,37,AQUILA D'ARROSCIA,30
70,,ESERCIZIO,Regionali Speciali,PREFERENZE,20241027000000,COMUNE,I,LIGURIA,7,IMPERIA,37,IMPERIA,37,ARMO,40
71,,ESERCIZIO,Regionali Speciali,PREFERENZE,20241027000000,COMUNE,I,LIGURIA,7,IMPERIA,37,IMPERIA,37,AURIGO,41
72,,ESERCIZIO,Regionali Speciali,PREFERENZE,20241027000000,COMUNE,I,LIGURIA,7,IMPERIA,37,IMPERIA,37,BADALUCCO,50
73,,ESERCIZIO,Regionali Speciali,PREFERENZE,20241027000000,COMUNE,I,LIGURIA,7,IMPERIA,37,IMPERIA,37,BAJARDO,60
74,,ESERCIZIO,Regionali Speciali,PREFERENZE,20241027000000,COMUNE,I,LIGURIA,7,IMPERIA,37,IMPERIA,37,BORDIGHERA,70
75,,ESERCIZIO,Regionali Speciali,PREFERENZE,20241027000000,COMUNE,I,LIGURIA,7,IMPERIA,37,IMPERIA,37,BORGHETTO D'ARROSCIA,80
76,,ESERCIZIO,Regionali Speciali,PREFERENZE,20241027000000,COMUNE,I,LIGURIA,7,IMPERIA,37,IMPERIA,37,BORGOMARO,90
77,,ESERCIZIO,Regionali Speciali,PREFERENZE,20241027000000,COMUNE,I,LIGURIA,7,IMPERIA,37,IMPERIA,37,CAMPOROSSO,100
78,,ESERCIZIO,Regionali Speciali,PREFERENZE,20241027000000,COMUNE,I,LIGURIA,7,IMPERIA,37,IMPERIA,37,CARAVONICA,110
79,,ESERCIZIO,Regionali Speciali,PREFERENZE,20241027000000,COMUNE,I,LIGURIA,7,IMPERIA,37,IMPERIA,37,CASTELLARO,130
80,,ESERCIZIO,Regionali Speciali,PREFERENZE,20241027000000,COMUNE,I,LIGURIA,7,IMPERIA,37,IMPERIA,37,CASTEL VITTORIO,140
81,,ESERCIZIO,Regionali Speciali,PREFERENZE,20241027000000,COMUNE,I,LIGURIA,7,IMPERIA,37,IMPERIA,37,CERIANA,150
82,,ESERCIZIO,Regionali Speciali,PREFERENZE,20241027000000,COMUNE,I,LIGURIA,7,IMPERIA,37,IMPERIA,37,CERVO,160
83,,ESERCIZIO,Regionali Speciali,PREFERENZE,20241027000000,COMUNE,I,LIGURIA,7,IMPERIA,37,IMPERIA,37,CESIO,170
84,,ESERCIZIO,Regionali Speciali,PREFERENZE,20241027000000,COMUNE,I,LIGURIA,7,IMPERIA,37,IMPERIA,37,CHIUSANICO,180
85,,ESERCIZIO,Regionali Speciali,PREFERENZE,20241027000000,COMUNE,I,LIGURIA,7,IMPERIA,37,IMPERIA,37,CHIUSAVECCHIA,190
86,,ESERCIZIO,Regionali Speciali,PREFERENZE,20241027000000,COMUNE,I,LIGURIA,7,IMPERIA,37,IMPERIA,37,CIPRESSA,200
87,,ESERCIZIO,Regionali Speciali,PREFERENZE,20241027000000,COMUNE,I,LIGURIA,7,IMPERIA,37,IMPERIA,37,CIVEZZA,210
88,,ESERCIZIO,Regionali Speciali,PREFERENZE,20241027000000,COMUNE,I,LIGURIA,7,IMPERIA,37,IMPERIA,37,COSIO D'ARROSCIA,220
89,,ESERCIZIO,Regionali Speciali,PREFERENZE,20241027000000,COMUNE,I,LIGURIA,7,IMPERIA,37,IMPERIA,37,COSTARAINERA,221
90,,ESERCIZIO,Regionali Speciali,PREFERENZE,20241027000000,COMUNE,I,LIGURIA,7,IMPERIA,37,IMPERIA,37,DIANO ARENTINO,230
91,,ESERCIZIO,Regionali Speciali,PREFERENZE,20241027000000,COMUNE,I,LIGURIA,7,IMPERIA,37,IMPERIA,37,DIANO CASTELLO,240
92,,ESERCIZIO,Regionali Speciali,PREFERENZE,20241027000000,COMUNE,I,LIGURIA,7,IMPERIA,37,IMPERIA,37,DIANO MARINA,250
93,,ESERCIZIO,Regionali Speciali,PREFERENZE,20241027000000,COMUNE,I,LIGURIA,7,IMPERIA,37,IMPERIA,37,DIANO SAN PIETRO,260
94,,ESERCIZIO,Regionali Speciali,PREFERENZE,20241027000000,COMUNE,I,LIGURIA,7,IMPERIA,37,IMPERIA,37,DOLCEACQUA,270
95,,ESERCIZIO,Regionali Speciali,PREFERENZE,20241027000000,COMUNE,I,LIGURIA,7,IMPERIA,37,IMPERIA,37,DOLCEDO,280
96,,ESERCIZIO,Regionali Speciali,PREFERENZE,20241027000000,COMUNE,I,LIGURIA,7,IMPERIA,37,IMPERIA,37,IMPERIA,290
97,,ESERCIZIO,Regionali Speciali,PREFERENZE,20241027000000,COMUNE,I,LIGURIA,7,IMPERIA,37,IMPERIA,37,ISOLABONA,300
98,,ESERCIZIO,Regionali Speciali,PREFERENZE,20241027000000,COMUNE,I,LIGURIA,7,IMPERIA,37,IMPERIA,37,LUCINASCO,301
99,,ESERCIZIO,Regionali Speciali,PREFERENZE,20241027000000,COMUNE,I,LIGURIA,7,IMPERIA,37,IMPERIA,37,MENDATICA,310
100,,ESERCIZIO,Regionali Speciali,PREFERENZE,20241027000000,COMUNE,I,LIGURIA,7,IMPERIA,37,IMPERIA,37,MOLINI DI TRIORA,320
101,,ESERCIZIO,Regionali Speciali,PREFERENZE,20241027000000,COMUNE,I,LIGURIA,7,IMPERIA,37,IMPERIA,37,MONTALTO CARPASIO,325
102,,ESERCIZIO,Regionali Speciali,PREFERENZE,20241027000000,COMUNE,I,LIGURIA,7,IMPERIA,37,IMPERIA,37,MONTEGROSSO PIAN LATTE,340
103,,ESERCIZIO,Regionali Speciali,PREFERENZE,20241027000000,COMUNE,I,LIGURIA,7,IMPERIA,37,IMPERIA,37,OLIVETTA SAN MICHELE,350
104,,ESERCIZIO,Regionali Speciali,PREFERENZE,20241027000000,COMUNE,I,LIGURIA,7,IMPERIA,37,IMPERIA,37,OSPEDALETTI,360
105,,ESERCIZIO,Regionali Speciali,PREFERENZE,20241027000000,COMUNE,I,LIGURIA,7,IMPERIA,37,IMPERIA,37,PERINALDO,370
106,,ESERCIZIO,Regionali Speciali,PREFERENZE,20241027000000,COMUNE,I,LIGURIA,7,IMPERIA,37,IMPERIA,37,PIETRABRUNA,380
107,,ESERCIZIO,Regionali Speciali,PREFERENZE,20241027000000,COMUNE,I,LIGURIA,7,IMPERIA,37,IMPERIA,37,PIEVE DI TECO,390
108,,ESERCIZIO,Regionali Speciali,PREFERENZE,20241027000000,COMUNE,I,LIGURIA,7,IMPERIA,37,IMPERIA,37,PIGNA,400
109,,ESERCIZIO,Regionali Speciali,PREFERENZE,20241027000000,COMUNE,I,LIGURIA,7,IMPERIA,37,IMPERIA,37,POMPEIANA,410
110,,ESERCIZIO,Regionali Speciali,PREFERENZE,20241027000000,COMUNE,I,LIGURIA,7,IMPERIA,37,IMPERIA,37,PONTEDASSIO,420
111,,ESERCIZIO,Regionali Speciali,PREFERENZE,20241027000000,COMUNE,I,LIGURIA,7,IMPERIA,37,IMPERIA,37,PORNASSIO,430
112,,ESERCIZIO,Regionali Speciali,PREFERENZE,20241027000000,COMUNE,I,LIGURIA,7,IMPERIA,37,IMPERIA,37,PRELA',440
113,,ESERCIZIO,Regionali Speciali,PREFERENZE,20241027000000,COMUNE,I,LIGURIA,7,IMPERIA,37,IMPERIA,37,RANZO,450
114,,ESERCIZIO,Regionali Speciali,PREFERENZE,20241027000000,COMUNE,I,LIGURIA,7,IMPERIA,37,IMPERIA,37,REZZO,460
115,,ESERCIZIO,Regionali Speciali,PREFERENZE,20241027000000,COMUNE,I,LIGURIA,7,IMPERIA,37,IMPERIA,37,RIVA LIGURE,461
116,,ESERCIZIO,Regionali Speciali,PREFERENZE,20241027000000,COMUNE,I,LIGURIA,7,IMPERIA,37,IMPERIA,37,ROCCHETTA NERVINA,480
117,,ESERCIZIO,Regionali Speciali,PREFERENZE,20241027000000,COMUNE,I,LIGURIA,7,IMPERIA,37,IMPERIA,37,SAN BARTOLOMEO AL MARE,490
118,,ESERCIZIO,Regionali Speciali,PREFERENZE,20241027000000,COMUNE,I,LIGURIA,7,IMPERIA,37,IMPERIA,37,SAN BIAGIO DELLA CIMA,500
119,,ESERCIZIO,Regionali Speciali,PREFERENZE,20241027000000,COMUNE,I,LIGURIA,7,IMPERIA,37,IMPERIA,37,SAN LORENZO AL MARE,510
120,,ESERCIZIO,Regionali Speciali,PREFERENZE,20241027000000,COMUNE,I,LIGURIA,7,IMPERIA,37,IMPERIA,37,SANREMO,520
121,,ESERCIZIO,Regionali Speciali,PREFERENZE,20241027000000,COMUNE,I,LIGURIA,7,IMPERIA,37,IMPERIA,37,SANTO STEFANO AL MARE,521
122,,ESERCIZIO,Regionali Speciali,PREFERENZE,20241027000000,COMUNE,I,LIGURIA,7,IMPERIA,37,IMPERIA,37,SEBORGA,530
123,,ESERCIZIO,Regionali Speciali,PREFERENZE,20241027000000,COMUNE,I,LIGURIA,7,IMPERIA,37,IMPERIA,37,SOLDANO,540
124,,ESERCIZIO,Regionali Speciali,PREFERENZE,20241027000000,COMUNE,I,LIGURIA,7,IMPERIA,37,IMPERIA,37,TAGGIA,550
125,,ESERCIZIO,Regionali Speciali,PREFERENZE,20241027000000,COMUNE,I,LIGURIA,7,IMPERIA,37,IMPERIA,37,TERZORIO,560
126,,ESERCIZIO,Regionali Speciali,PREFERENZE,20241027000000,COMUNE,I,LIGURIA,7,IMPERIA,37,IMPERIA,37,TRIORA,570
127,,ESERCIZIO,Regionali Speciali,PREFERENZE,20241027000000,COMUNE,I,LIGURIA,7,IMPERIA,37,IMPERIA,37,VALLEBONA,580
128,,ESERCIZIO,Regionali Speciali,PREFERENZE,20241027000000,COMUNE,I,LIGURIA,7,IMPERIA,37,IMPERIA,37,VALLECROSIA,590
129,,ESERCIZIO,Regionali Speciali,PREFERENZE,20241027000000,COMUNE,I,LIGURIA,7,IMPERIA,37,IMPERIA,37,VASIA,600
130,,ESERCIZIO,Regionali Speciali,PREFERENZE,20241027000000,COMUNE,I,LIGURIA,7,IMPERIA,37,IMPERIA,37,VENTIMIGLIA,610
131,,ESERCIZIO,Regionali Speciali,PREFERENZE,20241027000000,COMUNE,I,LIGURIA,7,IMPERIA,37,IMPERIA,37,VESSALICO,620
132,,ESERCIZIO,Regionali Speciali,PREFERENZE,20241027000000,COMUNE,I,LIGURIA,7,IMPERIA,37,IMPERIA,37,VILLA FARALDI,630
133,,ESERCIZIO,Regionali Speciali,PREFERENZE,20241027000000,COMUNE,I,LIGURIA,7,LA SPEZIA,39,LA SPEZIA,39,AMEGLIA,10
134,,ESERCIZIO,Regionali Speciali,PREFERENZE,20241027000000,COMUNE,I,LIGURIA,7,LA SPEZIA,39,LA SPEZIA,39,ARCOLA,20
135,,ESERCIZIO,Regionali Speciali,PREFERENZE,20241027000000,COMUNE,I,LIGURIA,7,LA SPEZIA,39,LA SPEZIA,39,BEVERINO,30
136,,ESERCIZIO,Regionali Speciali,PREFERENZE,20241027000000,COMUNE,I,LIGURIA,7,LA SPEZIA,39,LA SPEZIA,39,BOLANO,40
137,,ESERCIZIO,Regionali Speciali,PREFERENZE,20241027000000,COMUNE,I,LIGURIA,7,LA SPEZIA,39,LA SPEZIA,39,BONASSOLA,50
138,,ESERCIZIO,Regionali Speciali,PREFERENZE,20241027000000,COMUNE,I,LIGURIA,7,LA SPEZIA,39,LA SPEZIA,39,BORGHETTO DI VARA,60
139,,ESERCIZIO,Regionali Speciali,PREFERENZE,20241027000000,COMUNE,I,LIGURIA,7,LA SPEZIA,39,LA SPEZIA,39,BRUGNATO,70
140,,ESERCIZIO,Regionali Speciali,PREFERENZE,20241027000000,COMUNE,I,LIGURIA,7,LA SPEZIA,39,LA SPEZIA,39,CALICE AL CORNOVIGLIO,80
141,,ESERCIZIO,Regionali Speciali,PREFERENZE,20241027000000,COMUNE,I,LIGURIA,7,LA SPEZIA,39,LA SPEZIA,39,CARRO,90
142,,ESERCIZIO,Regionali Speciali,PREFERENZE,20241027000000,COMUNE,I,LIGURIA,7,LA SPEZIA,39,LA SPEZIA,39,CARRODANO,100
143,,ESERCIZIO,Regionali Speciali,PREFERENZE,20241027000000,COMUNE,I,LIGURIA,7,LA SPEZIA,39,LA SPEZIA,39,CASTELNUOVO MAGRA,110
144,,ESERCIZIO,Regionali Speciali,PREFERENZE,20241027000000,COMUNE,I,LIGURIA,7,LA SPEZIA,39,LA SPEZIA,39,DEIVA MARINA,120
145,,ESERCIZIO,Regionali Speciali,PREFERENZE,20241027000000,COMUNE,I,LIGURIA,7,LA SPEZIA,39,LA SPEZIA,39,FOLLO,130
146,,ESERCIZIO,Regionali Speciali,PREFERENZE,20241027000000,COMUNE,I,LIGURIA,7,LA SPEZIA,39,LA SPEZIA,39,FRAMURA,140
147,,ESERCIZIO,Regionali Speciali,PREFERENZE,20241027000000,COMUNE,I,LIGURIA,7,LA SPEZIA,39,LA SPEZIA,39,LA SPEZIA,150
148,,ESERCIZIO,Regionali Speciali,PREFERENZE,20241027000000,COMUNE,I,LIGURIA,7,LA SPEZIA,39,LA SPEZIA,39,LERICI,160
149,,ESERCIZIO,Regionali Speciali,PREFERENZE,20241027000000,COMUNE,I,LIGURIA,7,LA SPEZIA,39,LA SPEZIA,39,LEVANTO,170
150,,ESERCIZIO,Regionali Speciali,PREFERENZE,20241027000000,COMUNE,I,LIGURIA,7,LA SPEZIA,39,LA SPEZIA,39,MAISSANA,180
151,,ESERCIZIO,Regionali Speciali,PREFERENZE,20241027000000,COMUNE,I,LIGURIA,7,LA SPEZIA,39,LA SPEZIA,39,MONTEROSSO AL MARE,190
152,,ESERCIZIO,Regionali Speciali,PREFERENZE,20241027000000,COMUNE,I,LIGURIA,7,LA SPEZIA,39,LA SPEZIA,39,LUNI,200
153,,ESERCIZIO,Regionali Speciali,PREFERENZE,20241027000000,COMUNE,I,LIGURIA,7,LA SPEZIA,39,LA SPEZIA,39,PIGNONE,210
154,,ESERCIZIO,Regionali Speciali,PREFERENZE,20241027000000,COMUNE,I,LIGURIA,7,LA SPEZIA,39,LA SPEZIA,39,PORTOVENERE,220
155,,ESERCIZIO,Regionali Speciali,PREFERENZE,20241027000000,COMUNE,I,LIGURIA,7,LA SPEZIA,39,LA SPEZIA,39,RICCO' DEL GOLFO DI SPEZIA,230
156,,ESERCIZIO,Regionali Speciali,PREFERENZE,20241027000000,COMUNE,I,LIGURIA,7,LA SPEZIA,39,LA SPEZIA,39,RIOMAGGIORE,240
157,,ESERCIZIO,Regionali Speciali,PREFERENZE,20241027000000,COMUNE,I,LIGURIA,7,LA SPEZIA,39,LA SPEZIA,39,ROCCHETTA DI VARA,250
158,,ESERCIZIO,Regionali Speciali,PREFERENZE,20241027000000,COMUNE,I,LIGURIA,7,LA SPEZIA,39,LA SPEZIA,39,SANTO STEFANO DI MAGRA,260
159,,ESERCIZIO,Regionali Speciali,PREFERENZE,20241027000000,COMUNE,I,LIGURIA,7,LA SPEZIA,39,LA SPEZIA,39,SARZANA,270
160,,ESERCIZIO,Regionali Speciali,PREFERENZE,20241027000000,COMUNE,I,LIGURIA,7,LA SPEZIA,39,LA SPEZIA,39,SESTA GODANO,280
161,,ESERCIZIO,Regionali Speciali,PREFERENZE,20241027000000,COMUNE,I,LIGURIA,7,LA SPEZIA,39,LA SPEZIA,39,VARESE LIGURE,290
162,,ESERCIZIO,Regionali Speciali,PREFERENZE,20241027000000,COMUNE,I,LIGURIA,7,LA SPEZIA,39,LA SPEZIA,39,VERNAZZA,300
163,,ESERCIZIO,Regionali Speciali,PREFERENZE,20241027000000,COMUNE,I,LIGURIA,7,LA SPEZIA,39,LA SPEZIA,39,VEZZANO LIGURE,310
164,,ESERCIZIO,Regionali Speciali,PREFERENZE,20241027000000,COMUNE,I,LIGURIA,7,LA SPEZIA,39,LA SPEZIA,39,ZIGNAGO,320
165,,ESERCIZIO,Regionali Speciali,PREFERENZE,20241027000000,COMUNE,I,LIGURIA,7,SAVONA,74,SAVONA,74,ALASSIO,10
166,,ESERCIZIO,Regionali Speciali,PREFERENZE,20241027000000,COMUNE,I,LIGURIA,7,SAVONA,74,SAVONA,74,ALBENGA,20
167,,ESERCIZIO,Regionali Speciali,PREFERENZE,20241027000000,COMUNE,I,LIGURIA,7,SAVONA,74,SAVONA,74,ALBISSOLA MARINA,30
168,,ESERCIZIO,Regionali Speciali,PREFERENZE,20241027000000,COMUNE,I,LIGURIA,7,SAVONA,74,SAVONA,74,ALBISOLA SUPERIORE,40
169,,ESERCIZIO,Regionali Speciali,PREFERENZE,20241027000000,COMUNE,I,LIGURIA,7,SAVONA,74,SAVONA,74,ALTARE,50
170,,ESERCIZIO,Regionali Speciali,PREFERENZE,20241027000000,COMUNE,I,LIGURIA,7,SAVONA,74,SAVONA,74,ANDORA,60
171,,ESERCIZIO,Regionali Speciali,PREFERENZE,20241027000000,COMUNE,I,LIGURIA,7,SAVONA,74,SAVONA,74,ARNASCO,70
172,,ESERCIZIO,Regionali Speciali,PREFERENZE,20241027000000,COMUNE,I,LIGURIA,7,SAVONA,74,SAVONA,74,BALESTRINO,80
173,,ESERCIZIO,Regionali Speciali,PREFERENZE,20241027000000,COMUNE,I,LIGURIA,7,SAVONA,74,SAVONA,74,BARDINETO,90
174,,ESERCIZIO,Regionali Speciali,PREFERENZE,20241027000000,COMUNE,I,LIGURIA,7,SAVONA,74,SAVONA,74,BERGEGGI,100
175,,ESERCIZIO,Regionali Speciali,PREFERENZE,20241027000000,COMUNE,I,LIGURIA,7,SAVONA,74,SAVONA,74,BOISSANO,110
176,,ESERCIZIO,Regionali Speciali,PREFERENZE,20241027000000,COMUNE,I,LIGURIA,7,SAVONA,74,SAVONA,74,BORGHETTO SANTO SPIRITO,120
177,,ESERCIZIO,Regionali Speciali,PREFERENZE,20241027000000,COMUNE,I,LIGURIA,7,SAVONA,74,SAVONA,74,BORGIO VEREZZI,130
178,,ESERCIZIO,Regionali Speciali,PREFERENZE,20241027000000,COMUNE,I,LIGURIA,7,SAVONA,74,SAVONA,74,BORMIDA,140
179,,ESERCIZIO,Regionali Speciali,PREFERENZE,20241027000000,COMUNE,I,LIGURIA,7,SAVONA,74,SAVONA,74,CAIRO MONTENOTTE,150
180,,ESERCIZIO,Regionali Speciali,PREFERENZE,20241027000000,COMUNE,I,LIGURIA,7,SAVONA,74,SAVONA,74,CALICE LIGURE,160
181,,ESERCIZIO,Regionali Speciali,PREFERENZE,20241027000000,COMUNE,I,LIGURIA,7,SAVONA,74,SAVONA,74,CALIZZANO,170
182,,ESERCIZIO,Regionali Speciali,PREFERENZE,20241027000000,COMUNE,I,LIGURIA,7,SAVONA,74,SAVONA,74,CARCARE,180
183,,ESERCIZIO,Regionali Speciali,PREFERENZE,20241027000000,COMUNE,I,LIGURIA,7,SAVONA,74,SAVONA,74,CASANOVA LERRONE,190
184,,ESERCIZIO,Regionali Speciali,PREFERENZE,20241027000000,COMUNE,I,LIGURIA,7,SAVONA,74,SAVONA,74,CASTELBIANCO,200
185,,ESERCIZIO,Regionali Speciali,PREFERENZE,20241027000000,COMUNE,I,LIGURIA,7,SAVONA,74,SAVONA,74,CASTELVECCHIO DI ROCCA BARBENA,210
186,,ESERCIZIO,Regionali Speciali,PREFERENZE,20241027000000,COMUNE,I,LIGURIA,7,SAVONA,74,SAVONA,74,CELLE LIGURE,220
187,,ESERCIZIO,Regionali Speciali,PREFERENZE,20241027000000,COMUNE,I,LIGURIA,7,SAVONA,74,SAVONA,74,CENGIO,230
188,,ESERCIZIO,Regionali Speciali,PREFERENZE,20241027000000,COMUNE,I,LIGURIA,7,SAVONA,74,SAVONA,74,CERIALE,240
189,,ESERCIZIO,Regionali Speciali,PREFERENZE,20241027000000,COMUNE,I,LIGURIA,7,SAVONA,74,SAVONA,74,CISANO SUL NEVA,250
190,,ESERCIZIO,Regionali Speciali,PREFERENZE,20241027000000,COMUNE,I,LIGURIA,7,SAVONA,74,SAVONA,74,COSSERIA,260
191,,ESERCIZIO,Regionali Speciali,PREFERENZE,20241027000000,COMUNE,I,LIGURIA,7,SAVONA,74,SAVONA,74,DEGO,270
192,,ESERCIZIO,Regionali Speciali,PREFERENZE,20241027000000,COMUNE,I,LIGURIA,7,SAVONA,74,SAVONA,74,ERLI,280
193,,ESERCIZIO,Regionali Speciali,PREFERENZE,20241027000000,COMUNE,I,LIGURIA,7,SAVONA,74,SAVONA,74,FINALE LIGURE,290
194,,ESERCIZIO,Regionali Speciali,PREFERENZE,20241027000000,COMUNE,I,LIGURIA,7,SAVONA,74,SAVONA,74,GARLENDA,300
195,,ESERCIZIO,Regionali Speciali,PREFERENZE,20241027000000,COMUNE,I,LIGURIA,7,SAVONA,74,SAVONA,74,GIUSTENICE,310
196,,ESERCIZIO,Regionali Speciali,PREFERENZE,20241027000000,COMUNE,I,LIGURIA,7,SAVONA,74,SAVONA,74,GIUSVALLA,320
197,,ESERCIZIO,Regionali Speciali,PREFERENZE,20241027000000,COMUNE,I,LIGURIA,7,SAVONA,74,SAVONA,74,LAIGUEGLIA,330
198,,ESERCIZIO,Regionali Speciali,PREFERENZE,20241027000000,COMUNE,I,LIGURIA,7,SAVONA,74,SAVONA,74,LOANO,340
199,,ESERCIZIO,Regionali Speciali,PREFERENZE,20241027000000,COMUNE,I,LIGURIA,7,SAVONA,74,SAVONA,74,MAGLIOLO,350
200,,ESERCIZIO,Regionali Speciali,PREFERENZE,20241027000000,COMUNE,I,LIGURIA,7,SAVONA,74,SAVONA,74,MALLARE,360
201,,ESERCIZIO,Regionali Speciali,PREFERENZE,20241027000000,COMUNE,I,LIGURIA,7,SAVONA,74,SAVONA,74,MASSIMINO,370
202,,ESERCIZIO,Regionali Speciali,PREFERENZE,20241027000000,COMUNE,I,LIGURIA,7,SAVONA,74,SAVONA,74,MILLESIMO,380
203,,ESERCIZIO,Regionali Speciali,PREFERENZE,20241027000000,COMUNE,I,LIGURIA,7,SAVONA,74,SAVONA,74,MIOGLIA,390
204,,ESERCIZIO,Regionali Speciali,PREFERENZE,20241027000000,COMUNE,I,LIGURIA,7,SAVONA,74,SAVONA,74,MURIALDO,400
205,,ESERCIZIO,Regionali Speciali,PREFERENZE,20241027000000,COMUNE,I,LIGURIA,7,SAVONA,74,SAVONA,74,NASINO,410
206,,ESERCIZIO,Regionali Speciali,PREFERENZE,20241027000000,COMUNE,I,LIGURIA,7,SAVONA,74,SAVONA,74,NOLI,420
207,,ESERCIZIO,Regionali Speciali,PREFERENZE,20241027000000,COMUNE,I,LIGURIA,7,SAVONA,74,SAVONA,74,ONZO,430
208,,ESERCIZIO,Regionali Speciali,PREFERENZE,20241027000000,COMUNE,I,LIGURIA,7,SAVONA,74,SAVONA,74,ORCO FEGLINO,440
209,,ESERCIZIO,Regionali Speciali,PREFERENZE,20241027000000,COMUNE,I,LIGURIA,7,SAVONA,74,SAVONA,74,ORTOVERO,450
210,,ESERCIZIO,Regionali Speciali,PREFERENZE,20241027000000,COMUNE,I,LIGURIA,7,SAVONA,74,SAVONA,74,OSIGLIA,460
211,,ESERCIZIO,Regionali Speciali,PREFERENZE,20241027000000,COMUNE,I,LIGURIA,7,SAVONA,74,SAVONA,74,PALLARE,470
212,,ESERCIZIO,Regionali Speciali,PREFERENZE,20241027000000,COMUNE,I,LIGURIA,7,SAVONA,74,SAVONA,74,PIANA CRIXIA,480
213,,ESERCIZIO,Regionali Speciali,PREFERENZE,20241027000000,COMUNE,I,LIGURIA,7,SAVONA,74,SAVONA,74,PIETRA LIGURE,490
214,,ESERCIZIO,Regionali Speciali,PREFERENZE,20241027000000,COMUNE,I,LIGURIA,7,SAVONA,74,SAVONA,74,PLODIO,500
215,,ESERCIZIO,Regionali Speciali,PREFERENZE,20241027000000,COMUNE,I,LIGURIA,7,SAVONA,74,SAVONA,74,PONTINVREA,510
216,,ESERCIZIO,Regionali Speciali,PREFERENZE,20241027000000,COMUNE,I,LIGURIA,7,SAVONA,74,SAVONA,74,QUILIANO,520
217,,ESERCIZIO,Regionali Speciali,PREFERENZE,20241027000000,COMUNE,I,LIGURIA,7,SAVONA,74,SAVONA,74,RIALTO,530
218,,ESERCIZIO,Regionali Speciali,PREFERENZE,20241027000000,COMUNE,I,LIGURIA,7,SAVONA,74,SAVONA,74,ROCCAVIGNALE,540
219,,ESERCIZIO,Regionali Speciali,PREFERENZE,20241027000000,COMUNE,I,LIGURIA,7,SAVONA,74,SAVONA,74,SASSELLO,550
220,,ESERCIZIO,Regionali Speciali,PREFERENZE,20241027000000,COMUNE,I,LIGURIA,7,SAVONA,74,SAVONA,74,SAVONA,560
221,,ESERCIZIO,Regionali Speciali,PREFERENZE,20241027000000,COMUNE,I,LIGURIA,7,SAVONA,74,SAVONA,74,SPOTORNO,570
222,,ESERCIZIO,Regionali Speciali,PREFERENZE,20241027000000,COMUNE,I,LIGURIA,7,SAVONA,74,SAVONA,74,STELLA,580
223,,ESERCIZIO,Regionali Speciali,PREFERENZE,20241027000000,COMUNE,I,LIGURIA,7,SAVONA,74,SAVONA,74,STELLANELLO,590
224,,ESERCIZIO,Regionali Speciali,PREFERENZE,20241027000000,COMUNE,I,LIGURIA,7,SAVONA,74,SAVONA,74,TESTICO,600
225,,ESERCIZIO,Regionali Speciali,PREFERENZE,20241027000000,COMUNE,I,LIGURIA,7,SAVONA,74,SAVONA,74,TOIRANO,610
226,,ESERCIZIO,Regionali Speciali,PREFERENZE,20241027000000,COMUNE,I,LIGURIA,7,SAVONA,74,SAVONA,74,TOVO SAN GIACOMO,620
227,,ESERCIZIO,Regionali Speciali,PREFERENZE,20241027000000,COMUNE,I,LIGURIA,7,SAVONA,74,SAVONA,74,URBE,630
228,,ESERCIZIO,Regionali Speciali,PREFERENZE,20241027000000,COMUNE,I,LIGURIA,7,SAVONA,74,SAVONA,74,VADO LIGURE,640
229,,ESERCIZIO,Regionali Speciali,PREFERENZE,20241027000000,COMUNE,I,LIGURIA,7,SAVONA,74,SAVONA,74,VARAZZE,650
230,,ESERCIZIO,Regionali Speciali,PREFERENZE,20241027000000,COMUNE,I,LIGURIA,7,SAVONA,74,SAVONA,74,VENDONE,660
231,,ESERCIZIO,Regionali Speciali,PREFERENZE,20241027000000,COMUNE,I,LIGURIA,7,SAVONA,74,SAVONA,74,VEZZI PORTIO,670
232,,ESERCIZIO,Regionali Speciali,PREFERENZE,20241027000000,COMUNE,I,LIGURIA,7,SAVONA,74,SAVONA,74,VILLANOVA D'ALBENGA,680
233,,ESERCIZIO,Regionali Speciali,PREFERENZE,20241027000000,COMUNE,I,LIGURIA,7,SAVONA,74,SAVONA,74,ZUCCARELLO,690
